combination,k,cluster,n,pct_CDR0,pct_CDR05,pct_CDR1,pct_CDR2,mean_Age,mean_MMSE,mean_eTIV,mean_Educ,mean_SES,pct_female
cor+gfc_tra,3,0,80,56.2,26.2,16.2,1.2,73.86,26.65,1405.0,2.4,3.18,77.5
cor+gfc_tra,3,1,60,55.0,33.3,10.0,1.7,72.53,27.32,1658.1,3.92,1.97,21.7
cor+gfc_tra,3,2,76,72.4,21.1,6.6,0.0,70.88,28.04,1357.7,3.57,2.18,92.1
cor+gfc_tra,4,0,58,60.3,24.1,13.8,1.7,73.31,26.76,1385.5,2.57,2.97,91.4
cor+gfc_tra,4,1,36,38.9,36.1,22.2,2.8,75.11,26.0,1487.0,1.89,3.72,33.3
cor+gfc_tra,4,2,50,58.0,34.0,8.0,0.0,72.32,27.64,1672.2,4.34,1.62,24.0
cor+gfc_tra,4,3,72,76.4,18.1,5.6,0.0,70.5,28.22,1355.1,3.67,2.1,94.4
cor+gfc_sag,3,0,76,52.6,27.6,18.4,1.3,74.37,26.55,1429.5,2.2,3.32,75.0
cor+gfc_sag,3,1,58,58.6,31.0,10.3,0.0,71.36,27.69,1650.5,4.24,1.71,25.9
cor+gfc_sag,3,2,82,72.0,21.9,4.9,1.2,71.43,27.78,1350.0,3.48,2.28,89.0
cor+gfc_sag,4,0,53,50.9,30.2,17.0,1.9,75.04,26.38,1441.5,1.87,3.68,71.7
cor+gfc_sag,4,1,55,58.2,32.7,9.1,0.0,71.13,27.64,1664.9,4.18,1.75,21.8
cor+gfc_sag,4,2,52,75.0,17.3,7.7,0.0,70.58,28.08,1335.4,3.83,1.85,96.2
cor+gfc_sag,4,3,56,62.5,25.0,10.7,1.8,73.02,27.21,1386.8,3.04,2.7,80.4
